,Seed,BS,History,WAPE
0,0,100,288,0.00981568
1,1,100,288,0.009950204
2,2,100,288,0.009648131
